<?xml version="1.0" encoding="ISO-8859-1"?>
<!--
 Licensed to the Apache Software Foundation (ASF) under one or more
 contributor license agreements.  See the NOTICE file distributed with
 this work for additional information regarding copyright ownership.
 The ASF licenses this file to You under the Apache License, Version 2.0
 (the "License"); you may not use this file except in compliance with
 the License.  You may obtain a copy of the License at

      http://www.apache.org/licenses/LICENSE-2.0

 Unless required by applicable law or agreed to in writing, software
 distributed under the License is distributed on an "AS IS" BASIS,
 WITHOUT WARRANTIES OR CONDITIONS OF ANY KIND, either express or implied.
 See the License for the specific language governing permissions and
 limitations under the License.
-->
<project name="Commons Imaging">
  <bannerRight>
    <name>Commons Imaging</name>
    <src>/images/logo.png</src>
    <href>/index.html</href>
    <alt>Commons Imaging&amp;trade; logo</alt>
  </bannerRight>

  <body>

    <menu name="Imaging">
      <item name="Overview"                           href="/index.html"/>
      <item name="Mailing Lists"                      href="/mail-lists.html"/>
      <item name="Issue Tracking"                     href="/issue-tracking.html"/>
      <item name="Source Repository"                  href="/scm.html"/>
      <item name="Javadoc"                            href="/apidocs/index.html"/>
      <item name="Download"                           href="/download_imaging.cgi"/>
    </menu>

    <menu name="Documentation">
      <item name="Why Use Imaging"                    href="/whyimaging.html"/>
      <item name="Getting Started"                    href="/gettingstarted.html"/>
      <item name="Sample Usage"                       href="/sampleusage.html"/>
      <item name="Format Support"                     href="/formatsupport.html"/>
      <item name="History"                            href="/history.html"/>
      <item name="Sanselan Incubation Status Reports" href="/sanselan-incubation-status-reports.html"/>
      <item name="References"                         href="/references.html"/>
      <item name="Sample Images"                      href="/sampleimages.html"/>
      <item name="Roadmap"                            href="/roadmap.html"/>
    </menu>

  </body>

</project>
