<?xml version="1.0"?>
<!--
   Licensed to the Apache Software Foundation (ASF) under one or more
   contributor license agreements.  See the NOTICE file distributed with
   this work for additional information regarding copyright ownership.
   The ASF licenses this file to You under the Apache License, Version 2.0
   (the "License"); you may not use this file except in compliance with
   the License.  You may obtain a copy of the License at

       http://www.apache.org/licenses/LICENSE-2.0

   Unless required by applicable law or agreed to in writing, software
   distributed under the License is distributed on an "AS IS" BASIS,
   WITHOUT WARRANTIES OR CONDITIONS OF ANY KIND, either express or implied.
   See the License for the specific language governing permissions and
   limitations under the License.
-->

<document>

 <properties>
  <title>Commons</title>
  <author email="dev@commons.apache.org">Commons Documentation Team</author>
 </properties>

 <body>

<section name="Commons Imaging: a Pure-Java Image Library">

    <p>
      Apache Commons Imaging, previously known as Apache Commons Sanselan, is a library that
      reads and writes a variety of image formats, including fast parsing
      of image info (size, color space, ICC profile, etc.) and metadata.
    </p>
    <p>
      This library is pure Java. Compared to typical image I/O libraries in native code,
      it's more portable, and should be more reliable and more secure against corrupt/malicious
      images, yet still performs reasonably well.
      It's easier to use than ImageIO/JAI/java.awt.Toolkit (Sun/Java's image support), supports
      more formats (and supports them more correctly). It also provides easy access to metadata.
    </p>
    <p>
      Imaging was working and was used by a number of projects in production even before
      reaching its initial release as an Apache Commons component.
    </p>
    <p>
      This project is Open Source; free as in freedom and free as in beer.
      It is available under the ASF (Apache) License. This is a non-viral Open Source license.
    </p>
    <p>
      <ul>
        <li><a href="whyimaging.html">Why Use Commons Imaging?</a></li>
        <li><a href="gettingstarted.html">Getting Started</a></li>
      </ul>
    </p>

</section>
 <!-- ================================================== -->
 <section name="Documentation">
     <p>
         A getting started <a href="gettingstarted.html">guide</a> is available
         together with various <a href="project-reports.html">project reports</a>.
     </p>
     <p>
         The Javadoc API documents are available online:
     </p>
     <ul>
         <li>The <a href="apidocs/index.html">latest API docs</a></li>
         <li>Older releases - see the <a href="history.html">Release History</a> page</li>
     </ul>
     <p>
         The <a href="scm.html">source repository</a> can be
         <a href="https://gitbox.apache.org/repos/asf?p=commons-imaging.git">browsed</a>, or you can browse/contribute via <a href="https://github.com/apache/commons-imaging">GitHub</a>.
     </p>
 </section>
 <!-- ================================================== -->
 <section name="Release Information">
     <subsection name="Help Needed!">
       If you want to help out you may:
       <ul>
         <li>Look through the <a href="https://issues.apache.org/jira/issues/?jql=project%20%3D%20IMAGING%20AND%20resolution%20%3D%20Unresolved%20AND%20fixVersion%20%3D%20%22Patch%20Needed%22%20ORDER%20BY%20priority%20DESC">issues waiting for a patch</a></li>
         <li>Look through the <em>Needs Work</em> tags in the <a href="taglist.html">TagList report</a></li>
         <li>Contribute a patch</li>
         <li>Create a PR via <a href="https://github.com/apache/commons-imaging">Github</a></li>
       </ul>
       Make sure to read through our <a href="https://commons.apache.org/patches.html">guide lines for contributing patches</a> before you start coding. This will stream line the process of getting your contributions into the code.
     </subsection>

     <p>
         For information on previous releases see the <a href="history.html">Release History</a>, and to download previous releases see the <a href="https://archive.apache.org/dist/commons/sanselan/">Commons Sanselan Archive</a>.
     </p>
 </section>
 <!-- ================================================== -->
 <section name="Support">
     <p>
         The <a href="mail-lists.html">commons mailing lists</a> act as the main support forum.
         The user list is suitable for most library usage queries.
         The dev list is intended for the development discussion.
         Please remember that the lists are shared between all commons components,
         so prefix your email by [imaging].
     </p>
     <p>
         Bug reports and enhancements are also welcomed via the <a href="issue-tracking.html">JIRA</a> issue tracker.
         Please read the instructions carefully.
     </p>
 </section>
 <!-- ================================================== -->

</body>
</document>
