<?xml version="1.0" encoding="UTF-8"?>

<!-- For assistance related to logback-translator or configuration  -->
<!-- files in general, please contact the logback user mailing list -->
<!-- at http://www.qos.ch/mailman/listinfo/logback-user             -->
<!--                                                                -->
<!-- For professional support please see                            -->
<!--    http://www.qos.ch/shop/products/professionalSupport         -->
<!--                                                                -->
<configuration>
    <appender name="A1" class="ch.qos.logback.core.ConsoleAppender">
        <encoder>
            <pattern>%-5p %d{MMM dd HH:mm:ss} %c - %m%n</pattern>
        </encoder>
    </appender>
    <appender name="R" class="ch.qos.logback.core.rolling.RollingFileAppender">
        <!--See http://logback.qos.ch/manual/appenders.html#RollingFileAppender-->
        <!--and http://logback.qos.ch/manual/appenders.html#TimeBasedRollingPolicy-->
        <!--for further documentation-->
        <File>persism.log</File>
        <encoder>
            <pattern>%-5p %d{MMM dd HH:mm:ss} %c - %m%n</pattern>
        </encoder>
        <rollingPolicy class="ch.qos.logback.core.rolling.TimeBasedRollingPolicy">
            <fileNamePattern>persism.%d.log</fileNamePattern>
            <maxHistory>4</maxHistory>
        </rollingPolicy>
    </appender>
    <logger name="org" level="ERROR"/>
    <logger name="net.sf.persism" level="INFO"/>
    <logger name="net.sf.persism.Query" level="DEBUG"/>
    <logger name="net" level="ERROR"/>

    <logger name="jdbc.sqlonly" level="INFO"/>
    <logger name="jdbc.audit" level="ERROR"/>
    <logger name="jdbc.sqltiming" level="ERROR"/>
    <logger name="jdbc.connection" level="ERROR"/>
    <logger name="jdbc.resultset" level="ERROR"/>

    <root level="INFO">
        <appender-ref ref="A1"/>
        <appender-ref ref="R"/>
    </root>
</configuration>